number,hash,parent_hash,nonce,sha3_uncles,logs_bloom,transactions_root,state_root,receipts_root,miner,difficulty,total_difficulty,size,extra_data,gas_limit,gas_used,timestamp,transaction_count,base_fee_per_gas
60000,0xf3d660254ce61fdc78143edb41aa900c664c2b9201ecf692f5504d25aafa650d,0x1ff510a90b1edfdc7107517cffe779953722b731581789e1e6a8d30f820ad369,0x15b925123675bb6c,0x1dcc4de8dec75d7aab85b567b6ccd41ad312451b948a7413f0a142fd40d49347,0x00000000000000000000000000000000000000000000000000000000000000000000000000000000000000000000000000000000000000000000000000000000000000000000000000000000000000000000000000000000000000000000000000000000000000000000000000000000000000000000000000000000000000000000000000000000000000000000000000000000000000000000000000000000000000000000000000000000000000000000000000000000000000000000000000000000000000000000000000000000000000000000000000000000000000000000000000000000000000000000000000000000000000000000000000000000,0x56e81f171bcc55a6ff8345e692c0f86e5b48e01b996cadc001622fb5e363b421,0x35e172f3517409c84c1120a9d2365d5d9bd12ffa0c07788201c6378a4e44c214,0x56e81f171bcc55a6ff8345e692c0f86e5b48e01b996cadc001622fb5e363b421,0x47ff6576639c2e94762ea5443978d7681c0e78dc,1733122203562,64633737454498857,541,0x476574682f76312e302e312f6c696e75782f676f312e342e32,3141592,0,1439147230,0,
60001,0x07a47df0ee48eddbe2e07e4664ccfb0377bd71ea21c3de78287d0018d7fb2747,0xf3d660254ce61fdc78143edb41aa900c664c2b9201ecf692f5504d25aafa650d,0x527d531ecac5cf44,0x1dcc4de8dec75d7aab85b567b6ccd41ad312451b948a7413f0a142fd40d49347,0x00000000000000000000000000000000000000000000000000000000000000000000000000000000000000000000000000000000000000000000000000000000000000000000000000000000000000000000000000000000000000000000000000000000000000000000000000000000000000000000000000000000000000000000000000000000000000000000000000000000000000000000000000000000000000000000000000000000000000000000000000000000000000000000000000000000000000000000000000000000000000000000000000000000000000000000000000000000000000000000000000000000000000000000000000000000,0x56e81f171bcc55a6ff8345e692c0f86e5b48e01b996cadc001622fb5e363b421,0x4ee91bae747a50cd6adbd1b3459ad04a292d065edc4080ad38967212fb755fa8,0x56e81f171bcc55a6ff8345e692c0f86e5b48e01b996cadc001622fb5e363b421,0xb3395f0a13448d9a660ac4ab2abbc61f555f3656,1732275952487,64635469730451344,543,0x476574682f76312e302e312f77696e646f77732f676f312e342e32,3141592,0,1439147254,0,
60002,0xb76c54058fb9eb9590cf1140f8f4df429d2632fb2196b7b551bc1cbad84bcbb8,0x07a47df0ee48eddbe2e07e4664ccfb0377bd71ea21c3de78287d0018d7fb2747,0xfc95b1cae081f6d6,0x1dcc4de8dec75d7aab85b567b6ccd41ad312451b948a7413f0a142fd40d49347,0x00000000000000000000000000000000000000000000000000000000000000000000000000000000000000000000000000000000000000000000000000000000000000000000000000000000000000000000000000000000000000000000000000000000000000000000000000000000000000000000000000000000000000000000000000000000000000000000000000000000000000000000000000000000000000000000000000000000000000000000000000000000000000000000000000000000000000000000000000000000000000000000000000000000000000000000000000000000000000000000000000000000000000000000000000000000,0x8e8eea987ee4a53b5919d5f7aae51b62514d2bf3c2552d968abce7c25bccae83,0xa4c275bcdb44164b0549e982dc3a992572f68239ca8390b1b0aeee444bc26453,0x6fc0dde69adb9f9c6e5043c23eaec21d6f7448b6ed7d05f529992cfe671cdb8c,0x72b04597570ca1bd15727a8a23d7df9d432530b1,1731430114620,64637201160565964,658,0x476574682f76312e302e312f77696e646f77732f676f312e342e32,3141592,21000,1439147273,1,
60003,0xaf0615219cf8b66cabdd0ca559cc27dfc070740489f5f83fd7afcdf717d00ee4,0xb76c54058fb9eb9590cf1140f8f4df429d2632fb2196b7b551bc1cbad84bcbb8,0x374c2fdac152fcdb,0x653aae50520cc6f5c8bd9506def5f908f78a97b9fcb5732fb5d53de15df93acc,0x00000000000000000000000000000000000000000000000000000000000000000000000000000000000000000000000000000000000000000000000000000000000000000000000000000000000000000000000000000000000000000000000000000000000000000000000000000000000000000000000000000000000000000000000000000000000000000000000000000000000000000000000000000000000000000000000000000000000000000000000000000000000000000000000000000000000000000000000000000000000000000000000000000000000000000000000000000000000000000000000000000000000000000000000000000000,0x15796ce4c3839c835d6ad6277a3960d13db80e755ead1d8906c97d68e11cb31d,0x746e629c95734bc2bad3ee21be7e3557e6ff95c0e60097f3fd4bc4c00e3edd61,0x97892067f75390c23d87d9d4fced5fd58eec00331e7e66064db60dc2d04aed0c,0x6541237daaff6688a79f9f2f370ca0e7ee20bd33,1730584689760,64638931745255724,1520,0x476574682f76312e302e312f77696e646f77732f676f312e342e32,3141592,119829,1439147361,4,
60004,0x7a799c8386709898dda4ebec250ae2c5c4e23c51a7d1ac919ae14ca71806f226,0xaf0615219cf8b66cabdd0ca559cc27dfc070740489f5f83fd7afcdf717d00ee4,0x5a67b62217144083,0x1dcc4de8dec75d7aab85b567b6ccd41ad312451b948a7413f0a142fd40d49347,0x00000000000000000000000000000000000000000000000000000000000000000000000000000000000000000000000000000000000000000000000000000000000000000000000000000000000000000000000000000000000000000000000000000000000000000000000000000000000000000000000000000000000000000000000000000000000000000000000000000000000000000000000000000000000000000000000000000000000000000000000000000000000000000000000000000000000000000000000000000000000000000000000000000000000000000000000000000000000000000000000000000000000000000000000000000000,0x56e81f171bcc55a6ff8345e692c0f86e5b48e01b996cadc001622fb5e363b421,0x80d6f495c107587a9b62aef2833fb08af47ba720601258d53a44341967ff07ba,0x56e81f171bcc55a6ff8345e692c0f86e5b48e01b996cadc001622fb5e363b421,0x134886e027977a26593c096a782c671d72873073,1729739677705,64640661484933429,541,0x476574682f76312e302e312f6c696e75782f676f312e342e32,3141592,0,1439147385,0,
60005,0xc16c39f5bcc88531c9e2637a96a0bc4d3d6e30724c7e66e78141cfb01552bdff,0x7a799c8386709898dda4ebec250ae2c5c4e23c51a7d1ac919ae14ca71806f226,0x4817529e0f5de199,0x1dcc4de8dec75d7aab85b567b6ccd41ad312451b948a7413f0a142fd40d49347,0x00000000000000000000000000000000000000000000000000000000000000000000000000000000000000000000000000000000000000000000000000000000000000000000000000000000000000000000000000000000000000000000000000000000000000000000000000000000000000000000000000000000000000000000000000000000000000000000000000000000000000000000000000000000000000000000000000000000000000000000000000000000000000000000000000000000000000000000000000000000000000000000000000000000000000000000000000000000000000000000000000000000000000000000000000000000,0x56e81f171bcc55a6ff8345e692c0f86e5b48e01b996cadc001622fb5e363b421,0x082a017a94edf2df189ce54bd736dd443b7716b7f7817860a69fb61965bda719,0x56e81f171bcc55a6ff8345e692c0f86e5b48e01b996cadc001622fb5e363b421,0xde8b4cca204f866220e8e25817668cd44a5fee88,1730584277157,64642392069210586,516,0x,3141592,0,1439147397,0,
60006,0x7d55c17fb30d036bc4359562927f29134e26c542d541439a73dfcbad881f3c94,0xc16c39f5bcc88531c9e2637a96a0bc4d3d6e30724c7e66e78141cfb01552bdff,0xe21bab7d935a824e,0x1dcc4de8dec75d7aab85b567b6ccd41ad312451b948a7413f0a142fd40d49347,0x00000000000000000000000000000000000000000000000000000000000000000000000000000000000000000000000000000000000000000000000000000000000000000000000000000000000000000000000000000000000000000000000000000000000000000000000000000000000000000000000000000000000000000000000000000000000000000000000000000000000000000000000000000000000000000000000000000000000000000000000000000000000000000000000000000000000000000000000000000000000000000000000000000000000000000000000000000000000000000000000000000000000000000000000000000000,0x56e81f171bcc55a6ff8345e692c0f86e5b48e01b996cadc001622fb5e363b421,0xa5fd7223b70832143b58a0f33009b32e5278ab4c7180ef10c005a5cb02347004,0x56e81f171bcc55a6ff8345e692c0f86e5b48e01b996cadc001622fb5e363b421,0x6541237daaff6688a79f9f2f370ca0e7ee20bd33,1731429289011,64644123498499597,543,0x476574682f76312e302e312f77696e646f77732f676f312e342e32,3141592,0,1439147399,0,
60007,0x2a76115c9e5bfcc1ee26325738d4a879d483c2196f7a471797a9be6b2ed2c5eb,0x7d55c17fb30d036bc4359562927f29134e26c542d541439a73dfcbad881f3c94,0x6a59ddfa192c2f7d,0x1dcc4de8dec75d7aab85b567b6ccd41ad312451b948a7413f0a142fd40d49347,0x00000000000000000000000000000000000000000000000000000000000000000000000000000000000000000000000000000000000000000000000000000000000000000000000000000000000000000000000000000000000000000000000000000000000000000000000000000000000000000000000000000000000000000000000000000000000000000000000000000000000000000000000000000000000000000000000000000000000000000000000000000000000000000000000000000000000000000000000000000000000000000000000000000000000000000000000000000000000000000000000000000000000000000000000000000000,0xd3afc57d4e9ff8eb63180c0ea8ca943da04dd5225e8214fb05163164f547b42b,0x1e54293b532b20e8ab968a43b416df6102c805bf098b097cea31fe66dae99f80,0x042e6bff9344f8fe74a324308f31d09d216cd270b214567fb8f5d8cf7618ba0c,0xf927a40c8b7f6e07c5af7fa2155b4864a4112b13,1730583864554,64645854082364151,655,0x476574682f76312e302e312f6c696e75782f676f312e342e32,3141592,21000,1439147420,1,
60008,0xdf389df50387eaccd6866b260c85bf26e133651526c067a4d8f01abb809f12a5,0x2a76115c9e5bfcc1ee26325738d4a879d483c2196f7a471797a9be6b2ed2c5eb,0x47037adce2896eb5,0x1dcc4de8dec75d7aab85b567b6ccd41ad312451b948a7413f0a142fd40d49347,0x00000000000000000000000000000000000000000000000000000000000000000000000000000000000000000000000000000000000000000000000000000000000000000000000000000000000000000000000000000000000000000000000000000000000000000000000000000000000000000000000000000000000000000000000000000000000000000000000000000000000000000000000000000000000000000000000000000000000000000000000000000000000000000000000000000000000000000000000000000000000000000000000000000000000000000000000000000000000000000000000000000000000000000000000000000000,0x861073301a43e0ab15a532d17b7a49810960ab17bc20a80f0cde77b00a501ded,0xa1e4021dbb57901e8bff545d9a530457c0d9008f03c1d2d3dce171fdb4aa2390,0x980b7c47fc409af966d5d4e1dcafcbe901d7e368ef56ef10281ac4ceda6845f9,0xe2c324df4bfa311cf2055dd11476a1ec8ad9b725,1729738852902,64647583821217053,853,0x,3141592,63612,1439147454,3,
60009,0x63ecb69b5ced7f456e977ac0abe6d45a1679e2493b433c2e3cce19257f6df0e6,0xdf389df50387eaccd6866b260c85bf26e133651526c067a4d8f01abb809f12a5,0x466be3a30552e205,0x1dcc4de8dec75d7aab85b567b6ccd41ad312451b948a7413f0a142fd40d49347,0x00000000000000000000000000000000000000000000000000000000000000000000000000000000000000000000000000000000000000000000000000000000000000000000000000000000000000000000000000000000000000000000000000000000000000000000000000000000000000000000000000000000000000000000000000000000000000000000000000000000000000000000000000000000000000000000000000000000000000000000000000000000000000000000000000000000000000000000000000000000000000000000000000000000000000000000000000000000000000000000000000000000000000000000000000000000,0x56e81f171bcc55a6ff8345e692c0f86e5b48e01b996cadc001622fb5e363b421,0x4b93ba9c3b8f57b75d82e12de4ae919ebb5ba67ae9ad5039d70875ab0a146ed0,0x56e81f171bcc55a6ff8345e692c0f86e5b48e01b996cadc001622fb5e363b421,0x6541237daaff6688a79f9f2f370ca0e7ee20bd33,1730583451951,64649314404669004,543,0x476574682f76312e302e312f77696e646f77732f676f312e342e32,3141592,0,1439147458,0,
60010,0x478fc46f1dd514a9d6485513c8a75ef80de296706fce9e2ac4ea9b282a4ca6ce,0x63ecb69b5ced7f456e977ac0abe6d45a1679e2493b433c2e3cce19257f6df0e6,0x99540112a39cde13,0x1dcc4de8dec75d7aab85b567b6ccd41ad312451b948a7413f0a142fd40d49347,0x00000000000000000000000000000000000000000000000000000000000000000000000000000000000000000000000000000000000000000000000000000000000000000000000000000000000000000000000000000000000000000000000000000000000000000000000000000000000000000000000000000000000000000000000000000000000000000000000000000000000000000000000000000000000000000000000000000000000000000000000000000000000000000000000000000000000000000000000000000000000000000000000000000000000000000000000000000000000000000000000000000000000000000000000000000000,0x56e81f171bcc55a6ff8345e692c0f86e5b48e01b996cadc001622fb5e363b421,0x56b62f5811ba2fdafddc911b13ca063b32f7a95a371c40886ba17de80d3a2cc1,0x56e81f171bcc55a6ff8345e692c0f86e5b48e01b996cadc001622fb5e363b421,0x0037ce3d4b7f8729c8607d8d0248252be68202c0,1729738440500,64651044143109504,543,0x476574682f76312e302e312f77696e646f77732f676f312e342e32,3141592,0,1439147474,0,
